Widget 1,452.68
Widget 2,227.72
Widget 3,961.71
Widget 4,120.1
Widget 5,1097.26
Widget 6,25.36
Widget 7,61.5
Widget 8,1139.39
Widget 9,1007.87
Widget 10,96.65
Widget 11,60.94
Widget 12,283.94
Widget 13,59.45
Widget 14,370.12
Widget 15,1115.22
Widget 16,494.72
Widget 17,243.29
Widget 18,811.35
Widget 19,589.62
Widget 20,508.66
Widget 21,984.62
Widget 22,746.22
Widget 23,255.12
Widget 24,115.97
Widget 25,380.9
Widget 26,68.68
Widget 27,1038.92
Widget 28,257.78
Widget 29,109.33
Widget 30,813.3
Widget 31,198.64
Widget 32,369.82
Widget 33,226.08
Widget 34,270.27
Widget 35,713.4
Widget 36,136.36
Widget 37,456.16
Widget 38,78.54
Widget 39,856.57
Widget 40,526.11
Widget 41,562.17
Widget 42,896.57
Widget 43,582.66
Widget 44,871.56
Widget 45,266
Widget 46,562.46
Widget 47,1014.09
Widget 48,550.72
Widget 49,447.51
Widget 50,643.06
Widget 51,428.63
Widget 52,64.65
Widget 53,757.65
Widget 54,208.4
Widget 55,69.85
Widget 56,676.91
Widget 57,458.86
Widget 58,952.52
Widget 59,838.89
Widget 60,1029.5
Widget 61,932.76
Widget 62,594.58
Widget 63,348.19
Widget 64,662.36
Widget 65,602.52
Widget 66,859.76
Widget 67,157.59
Widget 68,1008.01
Widget 69,548.33
Widget 70,56.14
Widget 71,251.06
Widget 72,202.18
Widget 73,932.02
Widget 74,331.11
Widget 75,1118.74
Widget 76,119.74
Widget 77,614.77
Widget 78,384.77
Widget 79,539.09
Widget 80,312.71
Widget 81,61.74
Widget 82,694.19
Widget 83,969.3
Widget 84,1028.9
Widget 85,872.14
Widget 86,180.46
Widget 87,925.48
Widget 88,255.44
Widget 89,144.58
Widget 90,260.81
Widget 91,431.89
Widget 92,425.13
Widget 93,34.79
Widget 94,232.41
Widget 95,286.79
Widget 96,529.75
Widget 97,250.65
Widget 98,1022.95
Widget 99,490.25
Widget 100,638.92
Widget 101,82.09
Widget 102,401.16
Widget 103,271.7
Widget 104,435.02
Widget 105,674.68
Widget 106,567.75
Widget 107,365.97
Widget 108,98.91
Widget 109,43.03
Widget 110,368.87
Widget 111,456.85
Widget 112,977.16
Widget 113,1139.42
Widget 114,1090.88
Widget 115,191.76
Widget 116,1037.7
Widget 117,322.3
Widget 118,114.06
Widget 119,956.85
Widget 120,94.55
Widget 121,638.79
Widget 122,357.59
Widget 123,762.29
Widget 124,380.87
Widget 125,1085.67
Widget 126,409.06
Widget 127,825.54
Widget 128,321
Widget 129,323.83
Widget 130,455.01
Widget 131,362.68
Widget 132,86.26
Widget 133,1023.86
Widget 134,760.68
Widget 135,224.08
Widget 136,516.77
Widget 137,871.25
Widget 138,883.12
Widget 139,100.49
Widget 140,162.67
Widget 141,850.1
Widget 142,298.22
Widget 143,56.37
Widget 144,473.93
Widget 145,616.51
Widget 146,954.68
Widget 147,611.28
Widget 148,1008.39
Widget 149,348.54
Widget 150,486.34
Widget 151,299.66
Widget 152,970.47
Widget 153,939.41
Widget 154,142.83
Widget 155,272.79
Widget 156,665.25
Widget 157,325.14
Widget 158,497.31
Widget 159,984.36
Widget 160,71.17
Widget 161,1060.89
Widget 162,346.22
Widget 163,633.31
Widget 164,319.14
Widget 165,858.04
Widget 166,376.97
Widget 167,301.7
Widget 168,237.94
Widget 169,58.12
Widget 170,859
Widget 171,1040.6
Widget 172,899.98
Widget 173,905.47
Widget 174,683.51
Widget 175,297.62
Widget 176,756.33
Widget 177,599.98
Widget 178,961.48
Widget 179,612.16
Widget 180,83.99
Widget 181,737.68
Widget 182,346.03
Widget 183,833.63
Widget 184,164.31
Widget 185,722.58
Widget 186,246.03
Widget 187,1039.76
Widget 188,1012.75
Widget 189,451.7
Widget 190,705.39
Widget 191,185.64
Widget 192,200.6
Widget 193,1102.3
Widget 194,656.79
Widget 195,1068.65
Widget 196,1093.21
Widget 197,903.47
Widget 198,664.4
Widget 199,423.39
Widget 200,719.17
Widget 201,222.13
Widget 202,1068.31
Widget 203,699.73
Widget 204,570.4
Widget 205,283.16
Widget 206,459.64
Widget 207,946.56
Widget 208,752.69
Widget 209,364.99
Widget 210,287.4
Widget 211,359.04
Widget 212,886.29
Widget 213,324.52
Widget 214,211.88
Widget 215,569.94
Widget 216,669.09
Widget 217,440.02
Widget 218,662.24
Widget 219,459.83
Widget 220,742.75
Widget 221,124.26
Widget 222,713.92
Widget 223,1065.68
Widget 224,966.2
Widget 225,295.82
Widget 226,995.67
Widget 227,165.3
Widget 228,407.23
Widget 229,522.66
Widget 230,259.93
Widget 231,277.41
Widget 232,472.7
Widget 233,53.78
Widget 234,1117.13
Widget 235,69.03
Widget 236,902.61
Widget 237,3.35
Widget 238,283.92
Widget 239,894.76
Widget 240,1112.49
Widget 241,667.85
Widget 242,189.62
Widget 243,958.62
Widget 244,211.23
Widget 245,1069.64
Widget 246,841.77
Widget 247,980.33
Widget 248,1080
Widget 249,824.29
Widget 250,522.33
Widget 251,1073.43
Widget 252,853.39
Widget 253,896.53
Widget 254,1129.79
Widget 255,342.28
Widget 256,821.18
Widget 257,636.12
Widget 258,170.47
Widget 259,42.88
Widget 260,516.78
Widget 261,1065.52
Widget 262,36.4
Widget 263,830.52
Widget 264,232.06
Widget 265,771.55
Widget 266,954.28
Widget 267,676.31
Widget 268,377.01
Widget 269,121.62
Widget 270,100.71
Widget 271,989.44
Widget 272,9.65
Widget 273,579.35
Widget 274,646.18
Widget 275,566.93
Widget 276,1070.62
Widget 277,465.59
Widget 278,907.45
Widget 279,925.16
Widget 280,702.96
Widget 281,773.91
Widget 282,486.43
Widget 283,498.76
Widget 284,699.65
Widget 285,1046.32
Widget 286,751.4
Widget 287,680.06
Widget 288,146.59
Widget 289,902.39
Widget 290,211.66
Widget 291,804.88
Widget 292,163.06
Widget 293,377.47
Widget 294,508.55
Widget 295,723.54
Widget 296,825.5
Widget 297,899.93
Widget 298,860.27
Widget 299,166.12
Widget 300,174.15